<?xml version="1.0" encoding="UTF-8"?>
<beans xmlns="http://www.springframework.org/schema/beans"
 xmlns:xsi="http://www.w3.org/2001/XMLSchema-instance" xmlns:mvc="http://www.springframework.org/schema/mvc"
 xmlns:context="http://www.springframework.org/schema/context" xmlns:tx="http://www.springframework.org/schema/tx"
 xsi:schemaLocation="
   http://www.springframework.org/schema/mvc http://www.springframework.org/schema/mvc/spring-mvc-4.3.xsd
   http://www.springframework.org/schema/beans http://www.springframework.org/schema/beans/spring-beans-4.3.xsd
   http://www.springframework.org/schema/context http://www.springframework.org/schema/context/spring-context-4.3.xsd
   http://www.springframework.org/schema/tx http://www.springframework.org/schema/tx/spring-tx-4.3.xsd">

 <context:component-scan base-package="com.skilldistillery.advancedrequesthandling.controllers"/>
 <mvc:annotation-driven/>
 
 <!-- <bean id="dao" class="com.skilldistillery.advancedrequesthandling.data.InMemoryStateDAO"/> -->
 <bean id="viewResolver" class="org.springframework.web.servlet.view.InternalResourceViewResolver">
    <property name="prefix" value="/WEB-INF/"/>
    <property name="suffix" value=".jsp"/>
</bean>
 <!--
 Use this DAO implementation to connect the site to a database.
 <bean id="dao" class="com.skilldistillery.advancedrequesthandling.data.JDBCStateDAOImpl"/>
  -->
</beans>